,0
-0.0003564427018356799,2021-01-01 04:55:00
-0.0003245259602936619,2021-01-01 06:55:00
-0.00016924302050690956,2021-01-01 07:10:00
-0.00015311972538165663,2021-01-01 08:50:00
0.001100063013318161,2021-01-01 08:50:00
-0.0006263585148383607,2021-01-01 09:30:00
0.0020269084060838397,2021-01-01 09:30:00
-0.0010983514048038558,2021-01-04 04:20:00
-0.000499734127217118,2021-01-04 04:20:00
-0.000390625,2021-01-04 04:20:00
-0.0005889615826745435,2021-01-04 04:20:00
-0.0009431018833673184,2021-01-04 04:20:00
-0.00038439259769691025,2021-01-04 04:20:00
-0.0003786136371678542,2021-01-04 05:15:00
-0.004039834148574426,2021-01-04 06:40:00
0.0004604997484962912,2021-01-04 06:40:00
-0.0002814891662077422,2021-01-04 06:40:00
-0.0009488405027438228,2021-01-04 07:00:00
-0.0002952715879777497,2021-01-04 07:55:00
0.0006942763714611332,2021-01-04 07:55:00
-0.0007715736040608623,2021-01-04 07:55:00
-0.000661502828586095,2021-01-04 08:10:00
-6.861836051372594e-05,2021-01-04 09:30:00
0.005054395424663953,2021-01-04 09:30:00
0.0029505791193301205,2021-01-04 09:30:00
0.0010818265453848223,2021-01-04 09:30:00
0.0014563516631957356,2021-01-04 09:50:00
0.0008177851564080061,2021-01-05 07:00:00
0.00041171668261937553,2021-01-05 05:35:00
-0.00047020392001594134,2021-01-05 05:35:00
-0.0013040804642384315,2021-01-05 05:35:00
-0.00047489059927675924,2021-01-05 05:50:00
0.002986156053912526,2021-01-05 06:30:00
-0.0002642287163768958,2021-01-05 07:00:00
0.0014094048299826906,2021-01-05 07:00:00
-0.0005177464165805218,2021-01-05 07:30:00
-0.0002141402794354611,2021-01-05 09:00:00
-1.4024753690314337e-05,2021-01-05 09:00:00
-0.0006180091003152307,2021-01-05 09:00:00
-0.000425410486105807,2021-01-05 09:00:00
-0.0006301616364597519,2021-01-05 09:00:00
-0.00022739676187011096,2021-01-05 09:00:00
0.0009076203383903944,2021-01-05 09:00:00
0.0007712581301273585,2021-01-05 09:30:00
-0.0008208517297265816,2021-01-05 09:50:00
-0.0014289348858770225,2021-01-05 09:50:00
0.005791914013543466,2021-01-05 09:50:00
-0.0005930461886438802,2021-01-06 08:15:00
-0.0010625269512720748,2021-01-06 08:05:00
4.818099535045883e-05,2021-01-06 06:20:00
0.002162681105186521,2021-01-06 06:30:00
0.003001028033824887,2021-01-06 06:15:00
0.0015261469461488905,2021-01-06 07:10:00
0.0022967338247677983,2021-01-06 09:30:00
-0.0006951697926019072,2021-01-06 09:30:00
-0.00014450187765396695,2021-01-07 03:45:00
0.000887971376390236,2021-01-07 03:45:00
-0.0015952403733244685,2021-01-07 04:15:00
-0.0005411705936224622,2021-01-07 04:15:00
-0.00023377878293046514,2021-01-07 04:15:00
-0.000560664214049037,2021-01-07 04:15:00
-0.0010214221658996084,2021-01-07 04:15:00
-0.0006032270052112842,2021-01-07 05:30:00
-0.0008088153965269833,2021-01-07 05:30:00
-0.00068343262665937,2021-01-07 07:00:00
-0.0010812861614340767,2021-01-07 08:05:00
0.001139956774489277,2021-01-07 08:05:00
-0.00155349605274677,2021-01-07 08:05:00
8.236836505664387e-05,2021-01-07 08:05:00
-0.00043035088170491895,2021-01-08 04:40:00
0.0022071580359373237,2021-01-08 04:40:00
-0.0005478307613820401,2021-01-08 04:40:00
0.00010088281008202593,2021-01-08 04:40:00
-0.0004291075076717677,2021-01-08 04:40:00
-0.00020812080559805884,2021-01-08 04:40:00
-0.00029161529291998694,2021-01-08 04:50:00
-0.0008137751489789317,2021-01-08 06:20:00
-0.0005297239662741914,2021-01-08 06:20:00
-0.00037827449157695737,2021-01-08 06:20:00
-0.00023738147881878976,2021-01-08 06:20:00
0.001807798183984402,2021-01-08 06:20:00
0.007132364410513134,2021-01-08 06:45:00
-0.002191122052264297,2021-01-08 07:05:00
0.010046405319296377,2021-01-08 07:05:00
0.004781923188087173,2021-01-08 08:00:00
-0.0007963952271808729,2021-01-08 08:00:00
0.007288444940721386,2021-01-08 09:30:00
0.006062754461050614,2021-01-08 09:30:00
-0.0015375945342341153,2021-01-08 09:30:00
-0.0003753753753754766,2021-01-15 03:45:00
0.0035217871506865684,2021-01-15 03:45:00
0.004856805536900013,2021-01-15 03:45:00
0.007330633389622226,2021-01-15 03:45:00
0.0017416325912466394,2021-01-15 05:55:00
0.00048157173427389155,2021-01-15 05:55:00
-0.0023637410092775665,2021-01-15 05:55:00
-0.001934200979584937,2021-01-15 05:55:00
-0.0003851892038519447,2021-01-15 06:55:00
0.007584522894822552,2021-01-15 06:55:00
0.0011699538518202103,2021-01-15 06:55:00
-0.003025889378436389,2021-01-15 07:10:00
-0.0024621018690088856,2021-01-15 07:10:00
-0.0006055657493466188,2021-01-15 08:20:00
3.085741875871658e-05,2021-01-18 03:55:00
0.0014468546676828099,2021-01-15 09:30:00
0.004494900017288313,2021-01-18 05:55:00
-0.003436488172738078,2021-01-18 05:55:00
-0.004437290332689886,2021-01-18 08:05:00
-0.001366562185650843,2021-01-18 08:25:00
-0.0029374352749809906,2021-01-18 08:25:00
0.0010137978413309232,2021-01-18 08:25:00
-0.0017194086356027752,2021-01-18 08:40:00
0.0005495468365327105,2021-01-18 08:40:00
0.00943961642193602,2021-01-19 04:35:00
0.003247487308079516,2021-01-19 04:35:00
-0.0011698313864731314,2021-01-19 04:35:00
-0.0012696305067229565,2021-01-19 04:35:00
-0.0008694538156040732,2021-01-19 04:35:00
-0.0014835375191423448,2021-01-19 04:55:00
-0.00048081349551418683,2021-01-19 04:55:00
-0.0023787096950337434,2021-01-19 04:55:00
-0.0012978253760628606,2021-01-19 05:10:00
-0.0007636249224045079,2021-01-19 05:10:00
-0.000999272638283624,2021-01-19 06:15:00
-0.0001898903722189892,2021-01-19 06:15:00
-0.00014883670583783077,2021-01-19 06:15:00
-0.000907255509845447,2021-01-19 07:25:00
-0.0014511581390711941,2021-01-19 07:25:00
-0.0009906219992339028,2021-01-19 07:25:00
-0.00011463791278082767,2021-01-19 08:10:00
-0.0005189990732159897,2021-01-19 08:10:00
-2.3552053402500877e-05,2021-01-19 08:10:00
0.0011761281323453222,2021-01-19 09:00:00
-0.0006030700828249541,2021-01-19 09:00:00
-0.0007809139898296142,2021-01-19 09:00:00
-0.0006389345471404131,2021-01-19 09:30:00
-0.0010170507548740767,2021-01-19 09:30:00
-0.0006764820916892687,2021-01-19 09:30:00
-0.0011741998558707717,2021-01-19 09:30:00
-0.0010778792976660113,2021-01-20 04:55:00
-0.0003170206730849449,2021-01-20 04:55:00
-0.000617064079345313,2021-01-20 04:20:00
-0.0007415102091258226,2021-01-20 05:05:00
0.00240347703010355,2021-01-20 05:05:00
-0.002254206120856117,2021-01-20 06:55:00
-0.0012281682222347672,2021-01-20 06:55:00
-0.0006311405753815178,2021-01-20 06:55:00
-0.0004139497763015409,2021-01-20 08:00:00
0.0015273888593180125,2021-01-20 08:10:00
-0.0004996046175377283,2021-01-20 08:10:00
0.000282485409050412,2021-01-20 08:30:00
-0.0005068306574765296,2021-01-20 09:15:00
-0.001863431880845899,2021-01-20 09:15:00
-0.001176722646142714,2021-01-20 09:15:00
-0.0009543195734406016,2021-01-20 09:15:00
-0.0005157926480596084,2021-01-20 09:15:00
-0.0007222948904629344,2021-01-20 09:25:00
9.532669114485565e-05,2021-01-21 03:45:00
-0.0008242940135236284,2021-01-21 05:25:00
0.00011653729932192601,2021-01-21 05:25:00
-0.00036440277340063894,2021-01-21 05:25:00
-0.0005923966464771406,2021-01-21 05:25:00
-0.0006774456526195763,2021-01-21 05:25:00
0.004153477091442726,2021-01-21 05:25:00
-0.0011916735544733506,2021-01-21 06:50:00
0.0004972551515633702,2021-01-21 06:50:00
-0.0014645805378310545,2021-01-21 06:50:00
0.0032878508448090215,2021-01-21 07:05:00
-0.0005934027575774721,2021-01-21 07:05:00
-0.0006499389123912025,2021-01-22 04:35:00
-0.0021800476584026376,2021-01-22 05:45:00
-0.0038686450791630446,2021-01-22 08:55:00
-0.00012542537355304575,2021-01-25 08:50:00
-0.000940404737000142,2021-01-25 04:10:00
-0.0009044366910821043,2021-01-25 04:10:00
0.00022923562288598503,2021-01-25 04:10:00
-0.0012534428446555506,2021-01-25 05:00:00
7.390533875743776e-05,2021-01-25 08:50:00
-0.0006205734887065954,2021-01-25 08:50:00
-6.239429913145347e-05,2021-01-25 07:40:00
-0.0011273696633572327,2021-01-25 07:40:00
-0.0013400887891340104,2021-01-25 07:40:00
-0.0013680792496991875,2021-01-25 08:15:00
-0.00121706243006789,2021-01-25 08:15:00
-0.0006165016393710226,2021-01-27 07:05:00
-0.00012895832687183755,2021-01-28 03:45:00
-0.0001877682841407642,2021-01-28 03:45:00
0.0008763612566727381,2021-01-28 06:00:00
0.0022427960515112623,2021-01-28 07:55:00
0.0017966200173008564,2021-01-29 03:45:00
0.0028800940438872898,2021-01-29 03:45:00
0.002453969700086982,2021-01-29 03:45:00
0.0003521674679159057,2021-01-29 03:45:00
0.004154520022955174,2021-01-29 03:45:00
-0.0009859788251645818,2021-01-29 06:40:00
0.003540268511223783,2021-01-29 06:40:00
0.002500451196902471,2021-01-29 06:40:00
-0.00072896828002892,2021-01-29 09:10:00
0.001353619578753587,2021-01-29 09:10:00
0.0024492790988236606,2021-01-29 09:10:00
0.0035966708501221287,2021-01-29 09:10:00
-0.0002774300727592672,2021-02-01 05:25:00
0.0019753290152234723,2021-02-01 04:35:00
-0.00012920281860922956,2021-02-01 05:10:00
-0.002174291613802001,2021-02-01 05:10:00
0.0014576440373762164,2021-02-01 05:10:00
0.004110290304784622,2021-02-01 05:25:00
0.0032715376226828056,2021-02-01 05:25:00
0.0031294262718500883,2021-02-01 06:15:00
0.0049162272211466405,2021-02-01 06:15:00
0.0019164636467129848,2021-02-01 06:15:00
0.0031520483246510636,2021-02-01 06:15:00
0.0043788047541311725,2021-02-01 06:15:00
-0.0026763606247443214,2021-02-01 06:40:00
-0.00014063815835183789,2021-02-01 06:40:00
0.004363868049035933,2021-02-01 07:20:00
0.004115018044328964,2021-02-01 07:50:00
0.004211264242861869,2021-02-01 07:50:00
-0.001810243128533968,2021-02-01 07:50:00
-0.002384140897654411,2021-02-01 08:10:00
9.922486877933996e-05,2021-02-01 08:10:00
-0.0015281285763380059,2021-02-01 08:10:00
0.00010227478926439831,2021-02-01 09:00:00
0.0011900275689720144,2021-02-01 09:00:00
-0.0013120713872593812,2021-02-01 09:00:00
-0.0006325507650891915,2021-02-01 09:50:00
0.002523611436413599,2021-02-01 09:50:00
0.0014201352704384864,2021-02-01 09:50:00
-0.0025517591466426076,2021-02-02 04:25:00
-0.0008543705120119438,2021-02-02 04:25:00
-0.00016902055966087714,2021-02-02 04:25:00
0.002742828171870305,2021-02-02 04:25:00
0.00022269859699881417,2021-02-02 04:25:00
-0.0008965990368353265,2021-02-02 04:25:00
-1.6940194337909447e-05,2021-02-02 04:25:00
-0.0015182940881423696,2021-02-02 04:25:00
0.0025773763630354287,2021-02-02 05:10:00
-0.0015459251650172914,2021-02-02 06:15:00
-0.00020635366311575577,2021-02-02 07:35:00
-0.001163122951508481,2021-02-02 07:35:00
0.002630453916761117,2021-02-02 08:05:00
-0.0010955523943718944,2021-02-02 08:45:00
-0.0009537804080696991,2021-02-02 08:45:00
-0.0017504578314877116,2021-02-02 09:00:00
-0.0014152514152514153,2021-02-03 04:00:00
-0.00024604008458451864,2021-02-03 04:00:00
-0.00022269568136559282,2021-02-03 03:45:00
0.0007609176766644768,2021-02-03 04:10:00
-0.0006217575344578026,2021-02-03 04:25:00
-0.0002765885207482314,2021-02-03 04:40:00
-0.00030288736065944887,2021-02-03 04:40:00
-0.00047428844339201127,2021-02-03 04:55:00
0.0001155630396381226,2021-02-03 04:55:00
-0.001042845780929855,2021-02-03 05:50:00
-0.00019606130952469432,2021-02-03 05:50:00
-0.0014063494622152553,2021-02-03 05:50:00
0.005136143890743862,2021-02-03 06:45:00
-0.0017766653536961576,2021-02-03 07:00:00
-0.0007061819098077366,2021-02-03 07:00:00
-0.0007528197577048193,2021-02-03 07:35:00
-0.0024616412153794574,2021-02-03 07:50:00
-0.0017134707191293922,2021-02-03 07:50:00
-0.0002848341458514752,2021-02-03 09:15:00
0.003047781508149862,2021-02-04 06:10:00
0.0032051493428122695,2021-02-04 06:10:00
0.00018427977321964231,2021-02-04 06:10:00
0.00762821226127611,2021-02-04 06:10:00
-0.0017519142827642456,2021-02-04 06:10:00
-0.001158027493170064,2021-02-04 06:50:00
0.0038565990417541913,2021-02-04 06:50:00
-0.0015618767994261457,2021-02-04 08:30:00
-0.0008775516309496989,2021-02-04 08:30:00
0.004471116784509485,2021-02-04 09:30:00
0.004037994080270803,2021-02-04 09:30:00
0.0026704450741791026,2021-02-04 09:30:00
-0.00015671995145018398,2021-02-04 09:30:00
0.0023361531345049633,2021-02-04 09:30:00
0.0036690500238779444,2021-02-05 04:00:00
0.0037890465724541825,2021-02-05 04:00:00
-0.0010519224962087894,2021-02-05 04:00:00
0.0023475345913199453,2021-02-05 05:55:00
-0.0017054385282115369,2021-02-05 05:55:00
-0.0015331410372974373,2021-02-05 06:20:00
-0.001224528556505624,2021-02-05 06:20:00
0.0007907502159611693,2021-02-05 06:20:00
-0.0012625638287001827,2021-02-05 07:40:00
-0.0009207845281843113,2021-02-05 07:40:00
-0.0002624199742862875,2021-02-08 03:45:00
-0.0004123480085241781,2021-02-08 03:45:00
-0.0002868882191165521,2021-02-08 04:15:00
-0.0005752497556423789,2021-02-08 04:15:00
-0.0007785515641959372,2021-02-08 04:15:00
0.001160434611566787,2021-02-08 04:15:00
-0.0005122959258471999,2021-02-08 04:15:00
0.002771614093207992,2021-02-08 04:35:00
0.0017375540735994235,2021-02-08 04:35:00
0.0008686732855974149,2021-02-08 04:35:00
0.005522399724628161,2021-02-08 06:35:00
0.0040057726285693375,2021-02-08 07:40:00
-0.00013329261440811255,2021-02-08 08:25:00
-0.0026687476141734143,2021-02-08 08:45:00
-0.0008795074758136427,2021-02-08 08:45:00
-1.5167780936697759e-05,2021-02-09 04:55:00
0.00023877745940778297,2021-02-09 04:55:00
-0.0017415441244257256,2021-02-09 04:55:00
-0.0004836073775139246,2021-02-09 04:55:00
-0.0024376154110719948,2021-02-09 04:55:00
-0.0014758718328857997,2021-02-09 04:55:00
-0.00022653527620644266,2021-02-09 05:15:00
0.0017899672088644823,2021-02-09 05:15:00
0.006345602832268774,2021-02-09 05:30:00
-0.0010127879121670147,2021-02-09 05:30:00
0.001110867230421939,2021-02-09 08:05:00
0.0030899812591380542,2021-02-09 07:05:00
0.000593328573296216,2021-02-09 07:40:00
0.003438683513758159,2021-02-09 08:05:00
0.004012424703868612,2021-02-09 08:45:00
-0.0007991795315422967,2021-02-09 08:45:00
-0.0007667287030125591,2021-02-10 04:45:00
0.0032315941501968614,2021-02-10 05:50:00
-0.0017801697371144188,2021-02-10 05:50:00
-0.0008810239149812674,2021-02-10 05:50:00
0.0004896999771472094,2021-02-10 06:20:00
-0.002885249270126112,2021-02-10 08:00:00
-0.0015022842952984302,2021-02-10 08:00:00
-0.0009482047437622413,2021-02-10 08:00:00
-0.0010625937897296039,2021-02-10 09:00:00
-0.001609789704167061,2021-02-10 09:00:00
-0.0019162575013639091,2021-02-10 09:30:00
-0.00034102882117701674,2021-02-10 09:30:00
-0.0012263195656487303,2021-02-11 04:05:00
0.005762566018815648,2021-02-11 04:05:00
0.0001391812071423228,2021-02-11 04:05:00
0.005776992808025694,2021-02-11 04:05:00
-0.0007456537578907007,2021-02-11 04:05:00
0.005026459076458683,2021-02-11 04:15:00
-0.0012012411120936866,2021-02-11 09:10:00
-0.0017624250969335044,2021-02-11 08:50:00
-0.0011547794472998093,2021-02-11 08:50:00
0.0018840163033367967,2021-02-11 09:50:00
-0.001488286074906975,2021-02-12 05:25:00
0.002714895456264446,2021-02-12 05:25:00
0.004607875369869176,2021-02-12 05:25:00
0.001828413546512809,2021-02-12 05:40:00
-0.00017916179324062819,2021-02-12 07:35:00
-0.0012599563575439604,2021-02-12 09:20:00
0.0003945731022552842,2021-02-12 09:45:00
-0.0013950944507552098,2021-02-15 03:45:00
0.00029267209623856107,2021-02-15 05:00:00
-0.0009191270684629331,2021-02-15 05:00:00
0.00038028065735694555,2021-02-15 05:00:00
0.002501265978178842,2021-02-15 05:00:00
0.005485354190966583,2021-02-15 05:00:00
0.0026276915590623096,2021-02-15 05:00:00
0.0002282361181043256,2021-02-15 04:50:00
-0.0033335185288071558,2021-02-15 05:15:00
-0.00028106652601781417,2021-02-15 07:30:00
0.00893416765069482,2021-02-15 08:30:00
-0.0032273016575809737,2021-02-16 04:30:00
0.0002988772236552323,2021-02-16 04:30:00
0.001909684186193421,2021-02-16 04:30:00
-0.00030133707565282525,2021-02-16 04:30:00
-0.0013639748946058993,2021-02-16 04:30:00
0.0015251966610558831,2021-02-16 04:30:00
-0.000508235102782079,2021-02-16 04:30:00
0.002621462803339412,2021-02-16 05:45:00
0.003276434561897151,2021-02-16 05:45:00
-0.0006148092820958884,2021-02-17 03:45:00
2.0277394760272017e-05,2021-02-17 03:45:00
0.00036080145129844995,2021-02-17 05:25:00
0.0016597077770843043,2021-02-17 07:30:00
0.0027314909093352664,2021-02-17 07:30:00
0.0037165535566197516,2021-02-17 07:30:00
-0.0009565515299735452,2021-02-17 07:00:00
-0.00043439159723751623,2021-02-17 07:30:00
0.004565002999278288,2021-02-18 05:50:00
0.004020154918091257,2021-02-18 04:55:00
-0.00025306952957931315,2021-02-18 05:45:00
-0.0007159070474433359,2021-02-18 08:15:00
-0.0009410878976096366,2021-02-19 03:45:00
-0.00016256087566122557,2021-02-19 03:45:00
0.0003839226066145821,2021-02-19 03:45:00
-0.0013433420189283948,2021-02-18 09:10:00
-0.0007592527603055908,2021-02-18 09:25:00
-0.0005082754651057847,2021-02-19 04:20:00
-0.0006597527273707232,2021-02-19 04:45:00
0.0003076773053521209,2021-02-19 05:15:00
0.002981219828390623,2021-02-19 05:15:00
-0.0010122746914112092,2021-02-19 05:15:00
-1.719102147305476e-06,2021-02-19 05:15:00
0.001743447500287221,2021-02-19 05:15:00
-0.0007892470651479546,2021-02-19 08:25:00
-0.0003724051221079311,2021-02-19 08:00:00
0.003452291042625992,2021-02-22 03:50:00
-0.0022657180996610584,2021-02-22 03:50:00
-0.0015032032140724005,2021-02-22 04:35:00
-0.0009743312930089431,2021-02-22 05:30:00
-0.0004257332874242211,2021-02-22 05:30:00
0.0022860432824194804,2021-02-22 08:00:00
-0.0013078751796625906,2021-02-22 09:40:00
-0.0007792398234177269,2021-02-23 04:45:00
0.001383816310694901,2021-02-23 04:45:00
0.0006132288021033471,2021-02-23 04:45:00
-0.00046188438678508017,2021-02-23 04:45:00
-3.5515988113958035e-05,2021-02-23 04:45:00
-0.00099197463789541,2021-02-23 06:05:00
-0.0014246165659669177,2021-02-23 06:05:00
0.000984787142888406,2021-02-23 06:05:00
0.00502368790864798,2021-02-23 06:05:00
-0.00027988062922558286,2021-02-23 06:05:00
-0.0003573077869502494,2021-02-23 06:05:00
-0.0005999164161396266,2021-02-23 06:05:00
-0.000632555879986438,2021-02-23 06:05:00
-0.00035493884001976215,2021-02-23 09:30:00
-0.0006275194907553828,2021-02-24 04:00:00
-0.0005891095074241917,2021-02-24 10:25:00
0.0017664475334971189,2021-02-24 10:40:00
0.0018460735820848408,2021-02-24 10:40:00
-0.0009288469745529401,2021-02-25 03:45:00
-0.0005263729561272319,2021-02-25 03:45:00
0.002795880669006926,2021-02-25 03:45:00
-0.0017103043736367105,2021-02-25 03:45:00
0.002839126247151352,2021-02-25 03:45:00
-0.000608679568879947,2021-02-25 04:20:00
0.0018859044609541192,2021-02-25 04:20:00
0.0027997356645970794,2021-02-25 04:20:00
-0.00029639609296056827,2021-02-25 04:20:00
0.0033301385115275407,2021-02-25 04:20:00
0.00010198737085203456,2021-02-25 04:20:00
0.004968374419188053,2021-02-25 04:20:00
0.0032357489170539806,2021-02-25 07:30:00
0.0036125906638091714,2021-02-25 07:30:00
-0.0005873628106967024,2021-02-25 07:30:00
-0.0011546299967308922,2021-02-25 08:55:00
0.003726540208000421,2021-02-25 08:55:00
0.0004105661637810803,2021-02-25 09:25:00
-0.0015974524197318255,2021-02-26 08:45:00
-5.7372047295353634e-05,2021-03-01 04:05:00
0.0005673370033848868,2021-03-01 04:05:00
-0.00040538152638274,2021-03-01 04:05:00
-0.0008556922550344487,2021-03-01 04:50:00
-0.0004782582421850892,2021-03-01 04:50:00
-0.0014775536131018709,2021-03-01 04:50:00
0.0003220367879672653,2021-03-01 05:05:00
0.00038531668214816556,2021-03-01 05:05:00
0.005464067350606764,2021-03-01 05:05:00
-0.0019232136570715601,2021-03-01 05:50:00
-0.001819927688206522,2021-03-01 07:30:00
-0.0011897772674609663,2021-03-01 07:30:00
-0.0006337321644112658,2021-03-01 07:55:00
-0.0004408624371426353,2021-03-01 07:55:00
-0.0014821095589174272,2021-03-01 08:05:00
-0.00035123850122260604,2021-03-01 09:45:00
-0.00203500760774491,2021-03-01 09:20:00
-0.0011718803383762766,2021-03-01 09:45:00
-0.0015721525858579883,2021-03-01 09:45:00
-7.844662048545745e-05,2021-03-01 09:55:00
0.0024784561688007507,2021-03-02 04:25:00
0.0017524289619116416,2021-03-02 04:25:00
0.0005097874067164778,2021-03-02 04:25:00
-0.0009172747732388138,2021-03-02 04:25:00
0.003551021450894568,2021-03-02 04:25:00
0.0002501482521983419,2021-03-02 04:25:00
0.0036631188391211753,2021-03-02 04:25:00
-0.00024977511506253826,2021-03-02 05:05:00
-0.001016797210871108,2021-03-02 05:05:00
-0.0012775660104781552,2021-03-02 05:05:00
-0.0021925620209216363,2021-03-02 05:05:00
-0.0004229875453667704,2021-03-02 08:15:00
0.00655414379048846,2021-03-02 08:15:00
0.0034877082504366774,2021-03-02 08:15:00
0.0036442957595079414,2021-03-02 08:15:00
-0.0017197085620430012,2021-03-02 08:15:00
0.0018758374274228037,2021-03-02 09:30:00
-0.00031159955605808415,2021-03-02 09:30:00
-0.001338650654121306,2021-03-03 04:25:00
-0.0006461174610195863,2021-03-03 04:25:00
-0.0011948719643382786,2021-03-03 04:25:00
0.00016327211208124576,2021-03-03 04:25:00
0.0014522753180865426,2021-03-03 04:25:00
1.2168051217015275e-05,2021-03-03 04:25:00
-0.0014718225055042056,2021-03-03 04:25:00
-0.0010704464820131523,2021-03-03 04:25:00
0.0015572281339216196,2021-03-03 04:25:00
-0.0027393450601404185,2021-03-03 04:35:00
0.00019865126248120186,2021-03-03 04:45:00
0.002568268070563481,2021-03-03 05:40:00
0.0072486754631659175,2021-03-03 05:40:00
-0.0010209463022811417,2021-03-03 05:40:00
0.002350231815250242,2021-03-03 05:40:00
0.0028776586879097946,2021-03-03 06:15:00
-0.0017950486859762858,2021-03-03 06:30:00
-0.0005683037592177418,2021-03-03 07:10:00
0.000993767925153463,2021-03-03 07:55:00
-0.0009525166175534225,2021-03-03 07:55:00
-0.0014434741659073676,2021-03-03 08:05:00
0.006143770359971328,2021-03-03 08:50:00
-0.0005251617259405276,2021-03-03 08:50:00
-0.0006192119461847781,2021-03-03 09:05:00
-0.0011379975332028774,2021-03-03 09:05:00
0.0022568061597531344,2021-03-03 09:30:00
0.0060018996602860504,2021-03-03 09:30:00
0.002605203542252963,2021-03-03 09:30:00
-0.0011455460893662391,2021-03-04 03:45:00
0.0024564048100313256,2021-03-04 03:45:00
-0.0004186483833994622,2021-03-04 03:45:00
0.003073596997897988,2021-03-04 03:45:00
-0.0006561466205023189,2021-03-04 05:00:00
-0.0003379231719722239,2021-03-04 05:35:00
0.002953047565524085,2021-03-04 05:35:00
-0.0011093475329817554,2021-03-04 06:10:00
-0.00020452616400953093,2021-03-04 06:10:00
-0.0003454983941983997,2021-03-04 06:10:00
-0.0008785479658301661,2021-03-04 07:05:00
-0.0009169270864343135,2021-03-04 07:05:00
-0.0007740319921881071,2021-03-04 07:25:00
0.002176536831952093,2021-03-04 07:25:00
0.0009813178660552431,2021-03-04 08:25:00
0.0026664058165086317,2021-03-04 09:30:00
0.001087662200787501,2021-03-05 04:25:00
-0.0005444612446418256,2021-03-05 04:25:00
-0.0014094586237583197,2021-03-05 08:20:00
-0.001399998994012821,2021-03-05 07:00:00
-0.00040522030924010084,2021-03-05 07:15:00
-0.00047871396673102875,2021-03-05 08:10:00
0.0010180694794804151,2021-03-05 09:35:00
0.0015243341902142487,2021-03-08 04:20:00
0.002468417303003095,2021-03-08 04:20:00
-0.00018024786608433185,2021-03-08 04:20:00
-0.00036553709527723324,2021-03-08 04:20:00
-0.0005325100772475172,2021-03-08 04:20:00
-0.0003074829246163253,2021-03-08 04:20:00
-0.0004941126644101313,2021-03-08 05:10:00
-0.00045689713095473176,2021-03-08 05:10:00
-0.00044316307221540943,2021-03-08 05:10:00
-0.0006366809049626689,2021-03-08 05:10:00
-0.0007057971380684312,2021-03-08 07:20:00
0.0002928474534050569,2021-03-08 08:15:00
-0.000471570090921477,2021-03-08 08:45:00
-0.00021041985548897466,2021-03-08 09:20:00
-0.0002948213111753234,2021-03-08 09:20:00
0.0020004874284086567,2021-03-08 09:20:00
-0.0003635375259063204,2021-03-08 09:30:00
-0.0009756064222582781,2021-03-09 07:00:00
-0.00030014052033461953,2021-03-09 07:00:00
-0.0017306259409745725,2021-03-09 07:00:00
-0.0010621204281163828,2021-03-09 07:00:00
-0.0011221974728519257,2021-03-09 07:00:00
-0.0010073118993160898,2021-03-09 06:15:00
0.000339900803079037,2021-03-09 06:45:00
-0.0007798784604996133,2021-03-09 06:45:00
-0.0008457166393483732,2021-03-09 06:45:00
-0.0003442793928531894,2021-03-09 08:25:00
-0.000710667267610812,2021-03-09 09:00:00
-0.00039638430048291416,2021-03-09 09:15:00
-0.0005086058809659653,2021-03-09 09:30:00
-0.0004292474030532115,2021-03-09 09:30:00
-0.00017322249336125485,2021-03-10 04:15:00
0.00021846609910294458,2021-03-10 04:15:00
-0.000551232710955799,2021-03-10 04:15:00
0.00017806028516520207,2021-03-10 04:15:00
0.00010064682358612558,2021-03-10 04:15:00
-0.00024316904608975788,2021-03-10 04:15:00
-0.0008077517353255153,2021-03-10 04:15:00
-0.00102451542741197,2021-03-10 04:15:00
-0.00016890828942264975,2021-03-10 04:15:00
0.00023999510078966663,2021-03-10 04:40:00
0.0015866824453417345,2021-03-10 04:40:00
0.0010512014439146527,2021-03-10 07:20:00
0.000977093683609977,2021-03-10 07:20:00
4.1344387168686755e-05,2021-03-10 07:40:00
5.78350840839501e-05,2021-03-10 07:45:00
-0.0004634273097713648,2021-03-10 08:35:00
0.004228483701478531,2021-03-10 08:35:00
0.0024106106549651577,2021-03-10 09:20:00
-0.0008287915556085981,2021-03-10 09:20:00
0.0021190751502461187,2021-03-10 09:20:00
-0.0004948554955529912,2021-03-12 03:45:00
0.003782033927020272,2021-03-12 06:50:00
0.003657770852782271,2021-03-12 06:50:00
0.0008891612245782933,2021-03-12 06:50:00
0.000929108056265912,2021-03-12 06:50:00
0.0025736145375073083,2021-03-12 06:50:00
0.001865556557706528,2021-03-12 06:50:00
0.0019215115891164805,2021-03-12 06:40:00
-4.9771796314383614e-06,2021-03-12 06:40:00
-0.0010308234470005452,2021-03-15 03:50:00
-0.00032831029634142336,2021-03-15 07:30:00
3.313628290432892e-05,2021-03-15 07:30:00
-0.000566664236527713,2021-03-15 08:20:00
-0.00028649261826105456,2021-03-15 09:05:00
0.0013548857776698403,2021-03-15 08:55:00
-0.0005015352274702747,2021-03-15 09:05:00
8.26021664896227e-06,2021-03-15 09:20:00
-0.0004055256997790799,2021-03-15 09:20:00
-0.00048083573202307295,2021-03-16 03:45:00
0.0038459076292761,2021-03-16 03:45:00
-0.00042403802536343857,2021-03-16 03:45:00
-0.0007626887408074877,2021-03-16 03:45:00
-0.0003384005808662159,2021-03-16 03:45:00
-0.0007754765401916526,2021-03-16 04:00:00
-0.0014888256005777545,2021-03-16 04:00:00
0.002151051625239149,2021-03-16 04:00:00
0.002319106423400558,2021-03-16 04:55:00
-6.719515932625454e-05,2021-03-16 04:50:00
0.0020158779066337135,2021-03-16 04:55:00
-0.0009375555131553841,2021-03-16 05:45:00
-0.002829630603391565,2021-03-16 05:45:00
8.205155134868134e-06,2021-03-16 05:45:00
-0.00035260410431189356,2021-03-16 08:05:00
-0.00017841037988318957,2021-03-16 08:30:00
-0.0009541282001344557,2021-03-17 03:45:00
0.0006863148812675256,2021-03-17 04:40:00
-0.00023860965748071582,2021-03-17 05:55:00
-0.00038715558263655183,2021-03-17 06:35:00
-0.00018943414713805086,2021-03-17 06:35:00
-0.00016651266965525945,2021-03-18 05:00:00
-0.00010292082774476997,2021-03-18 05:00:00
-0.0003967159105935496,2021-03-18 05:00:00
-0.0003051710998073402,2021-03-18 05:00:00
-0.0003083051535898213,2021-03-18 05:00:00
5.700130777286119e-05,2021-03-18 05:00:00
0.00044446398132267327,2021-03-18 05:00:00
0.0012749183026492814,2021-03-18 06:40:00
-0.00047404714081152543,2021-03-18 06:40:00
-0.0008429609493439043,2021-03-18 06:40:00
0.00044114319573256336,2021-03-19 03:45:00
0.0018260227670071946,2021-03-19 04:50:00
-0.0006660519326039477,2021-03-19 05:15:00
-0.000458316666045908,2021-03-19 05:15:00
0.0009135674484904874,2021-03-19 08:25:00
-0.000560421903750062,2021-03-19 08:25:00
-0.0001779042874933286,2021-03-19 08:25:00
0.0012950708085217805,2021-03-19 07:50:00
-6.474566285014539e-06,2021-03-19 08:25:00
-0.0016182671420495371,2021-03-19 08:25:00
0.000221385160084047,2021-03-19 08:55:00
-0.00040480541116765016,2021-03-19 09:00:00
-0.0003398571955499412,2021-03-19 09:15:00
-0.0004201782135181239,2021-03-19 09:25:00
-0.00047156070499134795,2021-03-22 03:45:00
0.00022332438429148257,2021-03-22 03:45:00
-0.00038393142567073874,2021-03-22 04:15:00
0.0011370023607251705,2021-03-22 06:50:00
-0.00020073130428778122,2021-03-22 06:15:00
-0.001408635997548454,2021-03-22 07:10:00
-0.0006370160758528594,2021-03-22 08:35:00
0.0039514950782143865,2021-03-22 08:35:00
-0.0008126764680374959,2021-03-22 08:35:00
-0.0005088731749993513,2021-03-22 09:30:00
-0.0005554717174993791,2021-03-23 03:45:00
-0.0007233209251450819,2021-03-23 03:45:00
0.0017818787744526743,2021-03-23 03:45:00
0.0011025712217677469,2021-03-23 05:20:00
-0.00025310374512943544,2021-03-23 05:20:00
0.0009042888437194335,2021-03-23 05:20:00
-0.00023555909790555406,2021-03-23 04:45:00
0.0012533450763860196,2021-03-23 06:00:00
-0.00028250092418159484,2021-03-23 06:00:00
-0.0003984944331779219,2021-03-23 06:50:00
-0.0003884884896179843,2021-03-23 07:20:00
0.002269086174212621,2021-03-23 08:45:00
0.0023508682891331388,2021-03-23 08:45:00
-0.0001948446034432729,2021-03-23 09:10:00
0.0015040138969610968,2021-03-23 09:10:00
-0.00042667774643831294,2021-03-23 09:10:00
0.00010534313130859384,2021-03-24 06:55:00
-0.0003478449568864192,2021-03-24 07:00:00
-0.00012106267542150235,2021-03-24 07:00:00
-0.0007456099822519798,2021-03-24 07:30:00
-0.00016068601792999093,2021-03-25 06:30:00
-0.0006985051353652268,2021-03-25 06:30:00
0.0005865177218953699,2021-03-25 08:05:00
-0.00016909838654612628,2021-03-25 09:15:00
4.940498862886088e-05,2021-03-25 09:15:00
0.002107718263545963,2021-03-25 08:30:00
-0.0008564160903966124,2021-03-25 09:40:00
-0.0008862431116555705,2021-03-25 09:40:00
-0.0005760396238668462,2021-03-26 05:55:00
-0.00164976559315122,2021-03-26 05:55:00
0.00010347336197688246,2021-03-26 05:55:00
-0.00024512534818943823,2021-03-26 05:55:00
-0.0007459730972518086,2021-03-26 05:55:00
0.0003526720467688309,2021-03-26 04:40:00
0.001320705838600737,2021-03-26 05:25:00
-0.0008205715376174569,2021-03-26 05:25:00
-0.00016355047437581534,2021-03-26 05:25:00
-0.0006729453739766021,2021-03-26 06:05:00
0.0019174740728641533,2021-03-26 07:10:00
-0.001422484139936854,2021-03-26 07:10:00
-0.0005377900963884632,2021-03-26 07:10:00
-0.0004598271749905164,2021-03-26 07:10:00
-0.00023375223217475584,2021-03-26 07:35:00
-5.087149225170524e-05,2021-03-26 07:35:00
-0.00032910792673130783,2021-03-30 05:20:00
-0.00038457748918581397,2021-03-30 05:20:00
-0.0005271514766592107,2021-03-30 05:20:00
-0.0005936884881580014,2021-03-30 05:20:00
-0.00043116020137713023,2021-03-30 05:20:00
0.00019011226129029193,2021-03-30 05:20:00
-0.00033101726833149013,2021-03-30 05:20:00
-0.00037549253688785395,2021-03-30 05:20:00
-0.0003516475161329717,2021-03-30 05:20:00
-9.184423218214982e-05,2021-03-30 05:20:00
0.0014486030875035423,2021-03-30 05:20:00
-0.0008695096221469448,2021-03-30 05:20:00
-0.0003841892570480961,2021-03-30 05:20:00
-0.0007183461791467969,2021-03-30 05:20:00
-0.00017981461590488778,2021-03-30 05:20:00
-0.0002068976493243996,2021-03-30 05:20:00
0.001778457303515572,2021-03-30 05:20:00
-0.00040999758451040107,2021-03-30 06:35:00
-0.00044958528537538203,2021-03-30 06:35:00
-0.0003541790748461848,2021-03-30 07:45:00
-0.0005018804635089358,2021-03-30 08:00:00
0.0008011060635987259,2021-03-30 08:30:00
-0.00016618052269313737,2021-03-30 08:30:00
-0.0004195407849053975,2021-03-30 09:50:00
0.0015568240788792248,2021-03-30 09:50:00
-0.0007235464270323307,2021-03-31 03:45:00
-0.00017976369823236024,2021-03-31 05:05:00
-0.0005631006804928795,2021-03-31 07:30:00
-0.0003256516607440426,2021-03-31 06:45:00
-8.099930912351672e-05,2021-03-31 09:30:00
0.0007002967924499949,2021-04-01 05:20:00
9.1850340954731e-05,2021-04-01 05:20:00
-0.0002483544540077146,2021-04-01 05:20:00
-0.0005186918843697089,2021-04-01 05:20:00
9.441652163239872e-05,2021-04-01 06:20:00
-0.0003494401087987188,2021-04-01 06:35:00
-0.00013839829141023,2021-04-01 07:25:00
0.0009723647028465368,2021-04-01 07:25:00
-0.00021242547406284963,2021-04-01 07:35:00
0.0037119758902831347,2021-04-01 07:40:00
0.0008404013034923544,2021-04-01 08:40:00
-0.00023268661228877146,2021-04-01 08:40:00
-0.0005391278776543122,2021-04-01 08:40:00
-0.0005214344534634954,2021-04-01 08:35:00
-0.00040507503419309846,2021-04-01 09:35:00
0.0036619105744612984,2021-04-01 09:35:00
0.00012397639997958578,2021-04-01 09:35:00
0.0020693995880270853,2021-04-01 09:40:00
0.0014356874049038736,2021-04-01 09:40:00
-0.0012668171974816631,2021-04-05 03:45:00
0.004896437408718094,2021-04-05 06:40:00
0.004689863120881849,2021-04-05 06:45:00
-0.0012001330267932845,2021-04-05 07:30:00
-0.0009656371357371832,2021-04-05 08:10:00
-0.0010778005170876991,2021-04-05 08:20:00
0.0005204555026559244,2021-04-05 08:20:00
-0.00035179961493921416,2021-04-06 03:45:00
-0.0007152185088333143,2021-04-06 03:45:00
-0.012585539826313111,2021-04-06 05:45:00
-0.0003508755064862971,2021-04-06 05:45:00
-0.00016495175561521256,2021-04-06 05:45:00
-0.0007076415683385967,2021-04-06 05:40:00
-8.1617368176041e-05,2021-04-06 05:40:00
0.00043979382465500174,2021-04-06 05:40:00
-0.0005962609800740596,2021-04-06 05:40:00
-0.0004376591306235872,2021-04-06 05:40:00
-0.0006025498378853312,2021-04-06 06:15:00
-0.0004637871487927755,2021-04-06 06:15:00
-0.0014174626939444759,2021-04-06 09:50:00
-0.00016860831334409565,2021-04-06 09:35:00
-2.0658563212866e-05,2021-04-07 03:45:00
-0.0008456713390538712,2021-04-07 03:45:00
-0.0008586715509893537,2021-04-07 03:45:00
-0.0007815749996848259,2021-04-07 04:10:00
0.0013972765694974755,2021-04-07 04:10:00
0.001105672002872582,2021-04-07 04:10:00
0.00170988210812861,2021-04-07 04:10:00
0.00305269212051539,2021-04-07 04:30:00
-0.0032682683869743154,2021-04-07 04:30:00
0.004762666016660418,2021-04-07 05:25:00
0.0017983250429020627,2021-04-07 07:40:00
-0.0007405610185805822,2021-04-07 07:40:00
0.0020199395760820142,2021-04-07 07:40:00
-0.00025399002454178614,2021-04-07 07:40:00
-0.0003282083155620586,2021-04-07 06:20:00
0.004186900710187173,2021-04-07 06:20:00
5.084724217277202e-05,2021-04-07 08:10:00
-0.0005809247178705545,2021-04-07 08:10:00
0.00048077609638329125,2021-04-07 08:25:00
-0.0006157870011807181,2021-04-07 09:00:00
-0.0012783505154638944,2021-04-07 09:00:00
7.12992142826586e-05,2021-04-07 09:00:00
-0.000498671002202183,2021-04-08 03:45:00
0.0007164037480725202,2021-04-08 04:35:00
-0.0017502114641222,2021-04-08 04:35:00
-0.0009339871770355871,2021-04-08 04:35:00
0.0004032723574985728,2021-04-08 04:35:00
-0.0002592991964887324,2021-04-08 04:35:00
-0.00027182416137511996,2021-04-08 04:35:00
-2.368721506254214e-05,2021-04-08 05:00:00
-0.0003393624090627126,2021-04-08 05:00:00
-0.0003233351787097192,2021-04-08 06:10:00
-0.0006589069081186732,2021-04-08 06:10:00
0.007303154937738881,2021-04-08 06:10:00
0.005787884658089573,2021-04-08 07:45:00
0.001117350175651511,2021-04-08 08:05:00
0.0020025596152053594,2021-04-08 08:45:00
0.0006156294100376007,2021-04-09 04:35:00
-0.00010301974650802683,2021-04-09 05:35:00
-0.0005199548527005255,2021-04-09 05:35:00
-0.00035819343713544376,2021-04-09 07:05:00
0.002228046144466771,2021-04-09 08:05:00
-0.0009654281753090953,2021-04-09 08:10:00
-0.0003006576490470735,2021-04-09 08:10:00
-0.0005345986555951429,2021-04-09 08:55:00
-0.0004170497521396576,2021-04-12 03:45:00
0.0001326264134973728,2021-04-12 05:25:00
0.0004907823451773683,2021-04-12 06:10:00
0.000993200397280298,2021-04-12 09:15:00
-2.5463677655165604e-05,2021-04-12 09:15:00
0.00011290109704880578,2021-04-13 03:50:00
0.0023567802755620707,2021-04-13 04:15:00
0.0018946293382794868,2021-04-13 05:20:00
-0.00014335182040918704,2021-04-13 05:20:00
0.001817781732250318,2021-04-13 05:20:00
0.0017514196388693235,2021-04-13 05:20:00
-0.00029201366560119925,2021-04-13 05:20:00
-6.697774106400663e-05,2021-04-13 07:10:00
0.00010669690276404044,2021-04-13 08:25:00
0.0014614390239242286,2021-04-13 08:25:00
-0.000395337567271197,2021-04-13 08:15:00
-0.0007595384171983238,2021-04-13 08:25:00
-0.00025608764878121793,2021-04-13 08:35:00
-0.0003651533090634097,2021-04-13 09:05:00
-0.00017380093157299322,2021-04-13 09:05:00
-0.00025121062984352985,2021-04-13 09:05:00
0.0005401768368382339,2021-04-13 09:05:00
-0.00016592579482406334,2021-04-13 09:40:00
0.0008101948731878505,2021-04-13 09:40:00
-0.0006670819501502577,2021-04-13 09:50:00
-0.0002474463380305649,2021-04-13 09:50:00
1.1028710885449343e-05,2021-04-15 03:45:00
-0.00024262208302088843,2021-04-15 04:20:00
-0.000122865991008661,2021-04-15 04:20:00
-8.657231857983621e-05,2021-04-15 08:05:00
4.720387827109665e-06,2021-04-15 08:05:00
-0.0003648624845876596,2021-04-15 08:05:00
0.0009431322680130403,2021-04-15 08:05:00
0.0010937789749281516,2021-04-15 08:05:00
0.0014817433128243684,2021-04-15 08:20:00
-0.00040579865754863454,2021-04-15 08:20:00
0.0008665661723505209,2021-04-15 08:45:00
-0.0007657632765194875,2021-04-15 09:25:00
-0.00046591625194855656,2021-04-16 03:45:00
-0.0003565039893742652,2021-04-16 03:45:00
0.0009491265045543219,2021-04-16 03:45:00
0.0006770331114959707,2021-04-16 03:45:00
0.0038992387200591397,2021-04-16 03:45:00
-0.0007747584646736722,2021-04-16 03:45:00
0.0012631177559402284,2021-04-16 04:00:00
-0.0004783361555166509,2021-04-16 04:15:00
-0.00035016011867256333,2021-04-16 04:15:00
-0.0012252327942309038,2021-04-16 04:50:00
-0.00019454818575838852,2021-04-16 04:50:00
0.00015301633449356806,2021-04-16 04:50:00
-0.0009291414127731112,2021-04-16 04:45:00
-0.000611718227291577,2021-04-16 06:30:00
-0.0009720607847210902,2021-04-16 06:30:00
-0.0009278041492670348,2021-04-16 06:15:00
-0.00017431762573054933,2021-04-16 07:15:00
0.0013877139788419758,2021-04-16 07:15:00
-0.0007281162819228701,2021-04-16 08:50:00
0.00014590575756813745,2021-04-16 09:40:00
-0.0002759233123483842,2021-04-19 05:00:00
-0.000767527862530074,2021-04-19 06:00:00
0.0010418665427637246,2021-04-19 07:45:00
5.390374060242471e-05,2021-04-19 08:25:00
-0.0005042736398091199,2021-04-20 03:45:00
-4.277763078463823e-05,2021-04-20 03:45:00
-0.0003546525987802714,2021-04-20 03:45:00
-0.0005209298201445332,2021-04-20 03:45:00
0.0006549617306175134,2021-04-20 06:50:00
0.000265760549744611,2021-04-20 06:50:00
-0.0011014122130155158,2021-04-20 06:50:00
0.0001312225993774501,2021-04-20 06:50:00
0.00084890851232347,2021-04-20 05:50:00
-0.00037127324604988964,2021-04-22 03:45:00
-0.00034739328709844494,2021-04-22 03:45:00
-0.0004950011192700697,2021-04-22 05:00:00
0.0016826264096725411,2021-04-22 05:30:00
-7.880344843890368e-05,2021-04-22 05:30:00
-0.00017623918174661037,2021-04-22 06:10:00
-0.00010538352525189163,2021-04-22 06:45:00
-0.0004938877459215168,2021-04-22 06:45:00
-0.0002013553733569545,2021-04-22 06:45:00
-0.00031886302555463964,2021-04-22 07:45:00
0.00016940963878093505,2021-04-22 07:45:00
0.0007527262804971757,2021-04-22 08:40:00
5.9618691401033516e-05,2021-04-22 08:40:00
0.0012465211085414135,2021-04-23 03:45:00
0.003726287262872834,2021-04-23 03:45:00
0.0019466535426897443,2021-04-23 04:40:00
0.0013256655750033888,2021-04-23 04:55:00
0.001374178003112499,2021-04-23 05:30:00
-0.00035664738885401634,2021-04-23 06:25:00
0.0009141169818433808,2021-04-23 06:25:00
0.0006873089500805883,2021-04-23 06:25:00
0.0026652100618742426,2021-04-23 06:25:00
0.0010000679351048723,2021-04-23 06:25:00
0.001513056056030793,2021-04-30 03:45:00
1.1116916612077823e-05,2021-04-23 09:55:00
-3.6500346753224874e-05,2021-04-23 09:55:00
0.0026421428161156556,2021-04-23 09:55:00
0.00040645983088712984,2021-04-30 04:35:00
-0.0005867071659805298,2021-04-30 04:35:00
-0.0005459282056520663,2021-04-30 04:35:00
-0.0005409796039518872,2021-04-30 04:35:00
0.0019189571592414716,2021-04-30 04:35:00
-0.0005700784808041907,2021-04-30 04:35:00
-0.0004792612733164664,2021-04-30 04:35:00
-0.000566206636953929,2021-04-30 04:35:00
-9.013182966039854e-05,2021-04-30 08:30:00
0.0017023280956841563,2021-04-30 06:50:00
0.0014750498402423893,2021-04-30 07:40:00
-0.00029217369331238104,2021-04-30 09:35:00
-0.0034912150661180526,2021-05-03 08:55:00
-0.0008857200145883067,2021-05-03 08:55:00
0.002186858024633127,2021-05-03 06:40:00
-0.0008794991433962102,2021-05-03 06:50:00
-0.0004891534174466822,2021-05-03 07:40:00
-0.0004007118156347252,2021-05-03 07:40:00
-0.0004415386992900689,2021-05-04 03:45:00
-0.00029461577848670037,2021-05-04 03:45:00
-0.0007969733911691226,2021-05-04 03:45:00
-6.925055164362179e-05,2021-05-04 03:45:00
0.0019264911419183183,2021-05-04 03:45:00
-0.0005386827788471616,2021-05-04 07:40:00
0.001388569647315973,2021-05-04 07:40:00
0.0018204141718061188,2021-05-04 05:30:00
0.0020609330291306498,2021-05-04 05:30:00
-0.000815075587619118,2021-05-04 06:05:00
-0.00028830111870279675,2021-05-04 06:05:00
0.0007842890215285074,2021-05-04 06:05:00
0.003985189252844328,2021-05-04 07:30:00
-0.0006484795697146631,2021-05-04 09:05:00
0.00182944840224969,2021-05-05 04:30:00
-0.0013244565879690247,2021-05-05 04:30:00
-0.00020469257733534454,2021-05-05 04:30:00
-0.00017585931254996003,2021-05-05 04:30:00
-8.44477515388278e-05,2021-05-05 04:30:00
-0.0005735607607964847,2021-05-05 04:30:00
0.0019345008271384194,2021-05-05 05:15:00
-0.0006300916496944778,2021-05-05 05:45:00
-0.0017609128165554618,2021-05-05 07:20:00
-0.0002999062198011329,2021-05-05 08:40:00
-0.0005107851815191635,2021-05-05 08:40:00
-0.0005342447728826289,2021-05-05 08:40:00
-0.00031024930747920135,2021-05-05 08:40:00
0.0009970878703469232,2021-05-05 09:30:00
-8.390417193699326e-05,2021-05-06 04:00:00
-0.0005551856075644205,2021-05-06 04:00:00
0.0003839887742540368,2021-05-06 04:00:00
-0.0004096539136182908,2021-05-06 04:00:00
-0.0002735415727850313,2021-05-06 04:00:00
0.00021927299171970688,2021-05-06 04:00:00
0.0014763127511784177,2021-05-06 04:45:00
-0.0005911572336364884,2021-05-06 04:45:00
-0.00023165183517100615,2021-05-06 04:45:00
-0.0005339448760980357,2021-05-06 06:30:00
-0.0004125477500401067,2021-05-06 06:40:00
-0.0002755285030300263,2021-05-06 06:40:00
0.0011523385230547104,2021-05-06 07:05:00
-3.4615687200017146e-05,2021-05-06 09:45:00
-0.0007500792447738136,2021-05-06 09:45:00
0.00013486430455505476,2021-05-06 09:30:00
0.0001598726034783947,2021-05-06 09:30:00
-0.00035235364404138665,2021-05-07 05:10:00
-0.0005002360488855678,2021-05-07 05:10:00
-0.00027626939543834537,2021-05-07 05:10:00
-0.00022467702677403506,2021-05-07 05:10:00
-9.042239731605919e-05,2021-05-07 05:10:00
-0.0004879927284405535,2021-05-07 05:10:00
-0.00040676444598212644,2021-05-07 05:10:00
0.0002529763521430144,2021-05-07 05:10:00
-0.001064824071533926,2021-05-07 05:10:00
-0.00028629126596148524,2021-05-07 05:10:00
-0.00036752211668126264,2021-05-07 05:10:00
-0.0002518504868085853,2021-05-07 06:35:00
0.0008291313774021779,2021-05-07 06:50:00
0.0002076785689562075,2021-05-07 08:30:00
-0.0007336892572203343,2021-05-07 09:20:00
-0.0005245387212637929,2021-05-07 09:20:00
0.0002443210716934355,2021-05-10 05:00:00
0.0003224578040930644,2021-05-10 05:00:00
-0.001730694152835837,2021-05-10 05:00:00
-3.075796862072041e-05,2021-05-10 05:00:00
-0.0010610683266491154,2021-05-10 04:45:00
-0.0003473887433749976,2021-05-10 04:45:00
-0.000576425577309318,2021-05-10 05:00:00
-0.000428447040720919,2021-05-10 06:05:00
-0.000156624766982226,2021-05-10 07:40:00
-0.0011936593550562194,2021-05-10 07:40:00
-0.0002893540668026488,2021-05-11 03:45:00
0.0022267897344228024,2021-05-11 04:40:00
0.0025593545096560303,2021-05-11 05:55:00
-0.00021196463569734693,2021-05-11 05:50:00
0.0013175878007953997,2021-05-11 06:35:00
-0.0003533362624397408,2021-05-11 06:35:00
-0.000673398602774816,2021-05-11 06:35:00
0.00046561588072817106,2021-05-11 06:35:00
-0.00046081337362561983,2021-05-11 06:50:00
-0.000404487684414318,2021-05-11 08:45:00
-0.0005535044128292704,2021-05-11 09:30:00
-0.00014278293045247268,2021-05-11 09:30:00
-0.00013362974841145143,2021-05-11 09:50:00
-0.00011383937719235667,2021-05-12 05:25:00
-0.0004902712277575922,2021-05-12 06:35:00
9.550823265787828e-05,2021-05-12 06:55:00
-0.00042895621160407425,2021-05-12 08:10:00
-0.00022724655948708935,2021-05-12 08:10:00
-0.0006761959364708182,2021-05-14 04:30:00
-0.000530710925840954,2021-05-14 04:30:00
-0.0012465470344584656,2021-05-14 07:10:00
-0.000545647741305622,2021-05-14 07:35:00
-0.0007605620598984643,2021-05-14 08:00:00
0.0001945898001766753,2021-05-17 03:45:00
-0.0007321495154981711,2021-05-17 04:10:00
-0.0006912372845543619,2021-05-17 04:10:00
0.0005789933958567101,2021-05-17 04:10:00
0.0015385590037384521,2021-05-17 04:30:00
-0.0005676105708409885,2021-05-17 04:30:00
0.001832648289905351,2021-05-17 04:30:00
0.000759921957220692,2021-05-17 04:30:00
-0.0008665052617889767,2021-05-17 06:15:00
-0.0006204063888273387,2021-05-17 06:15:00
-0.00027623183549244524,2021-05-17 06:15:00
-0.0004073356626898637,2021-05-17 06:15:00
-0.0008186483273388539,2021-05-17 06:15:00
-0.0013828769239537244,2021-05-17 06:15:00
-0.0002547427098630383,2021-05-17 06:35:00
0.0018109185356275938,2021-05-17 06:35:00
0.0012714243996676735,2021-05-17 07:15:00
0.003345208294668432,2021-05-17 08:05:00
-0.00039651612726787123,2021-05-17 08:15:00
0.0015386249487885032,2021-05-17 08:30:00
-0.0001502629601802272,2021-05-17 08:30:00
-0.0010606613177729593,2021-05-17 09:00:00
0.0037954636472855687,2021-05-17 09:00:00
0.004477334345433546,2021-05-17 09:10:00
-0.0011976193331278229,2021-05-17 09:25:00
-0.00102703826134706,2021-05-18 03:45:00
-0.0009316671388123441,2021-05-18 03:45:00
-0.00032855142132551707,2021-05-18 03:45:00
-0.0011128287197624755,2021-05-18 05:10:00
-0.0008518441745509346,2021-05-18 05:10:00
-0.002974826644888532,2021-05-18 05:10:00
0.001899488785158694,2021-05-18 05:10:00
-0.0006077593635761208,2021-05-18 05:10:00
-0.0006380231563098018,2021-05-18 05:10:00
-2.2645166842260596e-05,2021-05-18 05:10:00
-0.0003124599047525165,2021-05-18 05:10:00
-0.0003153208200756579,2021-05-18 05:25:00
0.00033590762088514466,2021-05-18 05:25:00
-0.00016243044066781336,2021-05-18 05:25:00
0.0009783750557949549,2021-05-18 05:25:00
-0.0007045990831217037,2021-05-18 07:40:00
-0.00030422695630675833,2021-05-18 07:40:00
0.002951460381398631,2021-05-18 06:20:00
-0.0001769279903079883,2021-05-18 06:55:00
-0.0004393416173469901,2021-05-18 07:55:00
0.003733637222413819,2021-05-18 08:10:00
-0.00030925730207541406,2021-05-18 09:50:00
1.8003042514141235e-05,2021-05-19 08:05:00
-0.00042600170400694705,2021-05-19 04:50:00
0.0018037902085531964,2021-05-19 06:30:00
0.0018766848534579345,2021-05-19 06:30:00
0.0015996587394682574,2021-05-19 07:55:00
0.0011355648083057142,2021-05-19 07:55:00
-0.0005457998222767959,2021-05-19 07:55:00
-2.104010243515409e-05,2021-05-19 09:20:00
-5.406314575432837e-05,2021-05-20 03:55:00
-0.0003856386370899902,2021-05-20 03:55:00
-0.0002281295776002516,2021-05-20 05:50:00
-6.297965757034283e-05,2021-05-20 06:45:00
-0.00029364791614840705,2021-05-20 08:40:00
-0.00031456432840515884,2021-05-20 08:45:00
-0.00023058793935229013,2021-05-20 08:45:00
-0.0006346925333811475,2021-05-21 04:30:00
-0.0005027005191580637,2021-05-21 04:30:00
0.00022539755977479657,2021-05-21 04:30:00
2.6680580095144584e-05,2021-05-21 04:30:00
-0.0005334518781951545,2021-05-21 04:30:00
-0.00020758393063138135,2021-05-21 04:30:00
-0.00028315718781928673,2021-05-21 04:30:00
1.48145075509545e-05,2021-05-21 04:30:00
-7.110289477686227e-05,2021-05-21 04:30:00
-0.0003464634081338086,2021-05-21 04:45:00
0.00027211286768503203,2021-05-21 05:00:00
-0.0006981711465981476,2021-05-21 05:05:00
-0.0006168521650330844,2021-05-21 05:25:00
-0.002542675354632332,2021-05-21 05:35:00
-0.0007494504521783177,2021-05-21 06:35:00
-0.00046737446130275885,2021-05-21 06:35:00
0.0007991393431159046,2021-05-21 08:40:00
-0.00039455397733990336,2021-05-21 08:55:00
-0.00029712349158341947,2021-05-21 08:55:00
-0.00020416106692508728,2021-05-21 09:40:00
-0.0015806746366356786,2021-05-21 09:40:00
0.0006156245511070982,2021-05-21 09:40:00
-0.00031932689406239995,2021-05-21 09:40:00
-0.0011133598808138394,2021-05-21 09:40:00
-0.0009143908817172545,2021-05-21 09:40:00
-0.0009634752640096448,2021-05-24 03:45:00
0.002667348516106295,2021-05-24 03:45:00
-0.0004416676903994684,2021-05-24 04:30:00
0.00016642627316111713,2021-05-24 05:25:00
-0.0007722639011153116,2021-05-24 05:35:00
0.00014011857534425775,2021-05-24 05:35:00
0.0015710357603912642,2021-05-24 05:45:00
-0.0008149316508938385,2021-05-24 09:05:00
-6.861063464832801e-05,2021-05-25 03:45:00
-3.500593642351249e-05,2021-05-25 03:45:00
-0.00021728890528674376,2021-05-25 03:45:00
3.642546693784866e-05,2021-05-25 03:45:00
-0.00030301352780590394,2021-05-25 05:40:00
-0.00011214174716837849,2021-05-25 05:40:00
-0.00029698732562904794,2021-05-25 05:40:00
0.0007815240154911478,2021-05-25 05:40:00
-0.0003536597967400478,2021-05-25 07:55:00
-0.0005805755992370849,2021-05-25 06:10:00
-0.0004261415284373537,2021-05-25 07:55:00
-0.00030239678528960176,2021-05-25 09:50:00
3.92021918380614e-05,2021-05-25 09:50:00
0.0002872837754309744,2021-05-25 09:50:00
-0.00027129797948307786,2021-05-26 04:50:00
-0.0007089469100042536,2021-05-26 04:50:00
-0.00017487545543481506,2021-05-26 04:25:00
0.000871345730622294,2021-05-26 04:50:00
-0.00037798641855683434,2021-05-26 04:50:00
-0.0004774720027780189,2021-05-26 05:05:00
-0.000452853337731906,2021-05-26 05:05:00
-0.0003526388660058182,2021-05-26 05:25:00
0.0017980286673646966,2021-05-26 05:55:00
-0.00047443545074285986,2021-05-26 05:55:00
-0.0006448978767424383,2021-05-26 06:55:00
0.002391853046847279,2021-05-26 06:55:00
-0.0006016033160144918,2021-05-26 06:55:00
-0.0005382751017542692,2021-05-26 08:05:00
0.001855116814836333,2021-05-26 08:05:00
-0.0007877310172695717,2021-05-26 09:10:00
-0.0009763329396273939,2021-05-27 04:25:00
0.0003873753090721307,2021-05-27 04:45:00
5.4515458001619834e-05,2021-05-27 04:45:00
0.0024322590736178093,2021-05-27 05:30:00
-0.000692235545066762,2021-05-27 05:55:00
-0.0012998379535351262,2021-05-27 05:55:00
-0.00010390300077655432,2021-05-27 06:15:00
0.00018144220633731288,2021-05-27 06:15:00
-0.0025809001845150136,2021-05-27 06:15:00
3.4592899230800645e-05,2021-05-27 06:45:00
-7.199579544554598e-06,2021-05-27 06:45:00
0.0008164934558119003,2021-05-27 07:10:00
-0.0006856482985096172,2021-05-27 08:00:00
0.000626881545327859,2021-05-27 09:30:00
-0.0005910199562933535,2021-05-27 09:55:00
-0.00049302556236625,2021-05-27 09:55:00
0.002167935854434354,2021-05-27 09:55:00
-0.00038542654592872125,2021-05-27 09:55:00
-0.0006046289468634871,2021-05-28 05:30:00
-0.0002755238198277013,2021-05-28 05:30:00
0.0001239089528541681,2021-05-28 05:30:00
0.000980647688278379,2021-05-28 05:30:00
-0.0006322432537915754,2021-05-28 05:30:00
-0.000311138767890563,2021-05-28 05:30:00
0.0023719770924120233,2021-05-28 05:30:00
-8.320899804893421e-05,2021-05-28 06:40:00
0.0009856033054291755,2021-05-28 08:00:00
0.0008736255460160916,2021-05-28 08:00:00
-0.000549017804273883,2021-05-28 07:45:00
0.0007330408835586117,2021-05-28 08:00:00
-0.0005434876378129786,2021-05-28 08:15:00
-0.0005382556211828705,2021-05-28 08:15:00
-0.00018773744846164593,2021-05-28 08:40:00
-0.0002764468699196143,2021-05-28 09:50:00
2.8637212340868954e-06,2021-05-31 04:20:00
-0.00015030598003077693,2021-05-31 04:35:00
-0.0007129236742196909,2021-05-31 04:35:00
-0.00017031264535603472,2021-05-31 04:35:00
-0.0005191803529568667,2021-05-31 04:35:00
8.5773592027319e-06,2021-05-31 04:35:00
-0.0004130441928701166,2021-05-31 05:25:00
-0.0004383691525197894,2021-05-31 05:25:00
-0.0004294190573608456,2021-05-31 05:25:00
-0.00038229135165652485,2021-05-31 05:25:00
0.0015633275811986907,2021-05-31 05:25:00
0.0008114202416608776,2021-05-31 05:25:00
-0.00021781870934588774,2021-05-31 05:25:00
-0.00027725525825260936,2021-05-31 06:00:00
-0.00016623922819526842,2021-05-31 06:30:00
-0.00011929784695782224,2021-05-31 06:55:00
-0.000582014337426361,2021-05-31 07:15:00
-0.00026230977224422317,2021-05-31 07:15:00
-0.001139983803200461,2021-05-31 07:15:00
-0.0005128262927732171,2021-05-31 07:30:00
-0.00032821662860933845,2021-05-31 07:50:00
0.0002616681485154543,2021-05-31 09:00:00
0.0011472920533152138,2021-05-31 09:00:00
0.003218003817394101,2021-06-01 03:45:00
-0.0001600387492051585,2021-06-01 03:45:00
0.004952534657797632,2021-06-01 03:50:00
4.27091860345105e-06,2021-06-01 04:45:00
-0.0013216579765401323,2021-06-01 04:45:00
-0.0008773488990479569,2021-06-01 04:45:00
-0.0004434085611960248,2021-06-01 04:45:00
0.0025859167650058427,2021-06-01 07:05:00
0.0037286031445257187,2021-06-01 07:05:00
0.002878647677191744,2021-06-01 07:05:00
-0.0030557085800853876,2021-06-01 07:50:00
-0.002256307339449458,2021-06-01 07:50:00
0.0033568922312948533,2021-06-01 08:15:00
-0.0016553531707486973,2021-06-01 08:15:00
-0.000218768620519879,2021-06-02 03:50:00
-0.00017522542319808068,2021-06-02 03:45:00
-0.0012096658334051244,2021-06-02 05:45:00
0.0003112507835058835,2021-06-02 06:00:00
-0.00021936081412953697,2021-06-02 07:00:00
-0.0007461713959991932,2021-06-02 07:30:00
-0.0005324142984727674,2021-06-02 07:30:00
-0.0015664586161661391,2021-06-02 08:20:00
-0.0004269946290074836,2021-06-02 08:20:00
0.00015838928089847849,2021-06-02 08:50:00
-0.00019665403140768534,2021-06-02 09:15:00
-0.00042733581757888625,2021-06-02 09:15:00
-0.0006489754442491847,2021-06-02 09:15:00
0.00014923315477467926,2021-06-03 07:50:00
-0.0004929516438589398,2021-06-03 07:50:00
0.0030609895778564086,2021-06-03 07:50:00
0.00034558230618555075,2021-06-03 07:50:00
-7.961126954373173e-05,2021-06-03 07:50:00
0.00193495043287805,2021-06-03 07:50:00
-0.0004107780192541001,2021-06-03 07:50:00
-0.0007491862652007329,2021-06-03 07:50:00
-0.0008001433766616614,2021-06-03 07:50:00
-7.329910828790955e-05,2021-06-03 07:50:00
3.661652081094074e-05,2021-06-03 07:50:00
-0.00034332541621163163,2021-06-03 07:50:00
0.0010465783639624301,2021-06-03 07:50:00
-0.0005710620629123499,2021-06-03 06:15:00
-5.9040839391802556e-05,2021-06-03 07:10:00
-0.0009758179671254649,2021-06-03 08:20:00
-0.0007405620417071485,2021-06-03 08:20:00
0.001402493228260308,2021-06-03 08:40:00
-0.000985419696669271,2021-06-03 08:40:00
0.00021068052600377857,2021-06-03 08:40:00
0.002016685773578784,2021-06-03 09:30:00
0.0024392863169852208,2021-06-04 03:50:00
-1.537070650761927e-05,2021-06-04 03:50:00
-0.0010124033392529216,2021-06-04 03:55:00
-0.0005740367383512545,2021-06-04 04:05:00
-0.0007065397600003357,2021-06-04 04:35:00
-0.0001980468673725113,2021-06-04 05:00:00
0.00014293201200645214,2021-06-04 06:25:00
-0.0006044426535032081,2021-06-04 06:25:00
0.00014823143121650207,2021-06-04 07:05:00
-0.0004207842243659406,2021-06-04 07:55:00
0.0009725669058956457,2021-06-04 07:55:00
0.001707752019301252,2021-06-04 08:40:00
0.003217320752280707,2021-06-04 09:40:00
-0.001688923746437593,2021-06-07 03:45:00
0.00044614972784866595,2021-06-07 03:45:00
0.003221061174800127,2021-06-07 05:20:00
0.0023769705510320906,2021-06-07 04:00:00
-0.00044630649496382084,2021-06-07 04:40:00
-0.0007946321957768523,2021-06-07 05:25:00
-0.000604142407825796,2021-06-07 05:25:00
0.00010467678919521558,2021-06-07 05:45:00
-1.5524641133683655e-05,2021-06-07 05:45:00
-0.0007552241039301298,2021-06-07 07:15:00
-0.0005377899796035855,2021-06-07 07:40:00
0.0013635231524543943,2021-06-07 08:00:00
-0.001394944315178185,2021-06-07 08:00:00
-0.0002864023769988906,2021-06-07 08:00:00
-0.0006136605060794711,2021-06-07 08:45:00
0.0013367098888333606,2021-06-07 08:45:00
0.0024077830419038464,2021-06-07 08:45:00
0.001343788804027593,2021-06-08 04:10:00
0.00231405989898712,2021-06-09 04:00:00
0.001021860984150217,2021-06-08 05:25:00
-0.00041287306796110963,2021-06-08 05:25:00
-0.0010727360769285442,2021-06-08 05:25:00
-0.00020416350784320403,2021-06-08 05:45:00
-0.0006621420294652372,2021-06-08 05:45:00
-0.0011203642254144278,2021-06-08 07:30:00
-0.0010191529484878763,2021-06-08 07:30:00
-0.00018341996399325012,2021-06-08 07:55:00
-0.00045414029268047893,2021-06-09 03:45:00
0.0009680951354273855,2021-06-09 03:45:00
0.001699544251566248,2021-06-09 04:00:00
-0.0002927503970513181,2021-06-09 04:20:00
5.651984694425447e-05,2021-06-09 04:20:00
0.0015375123361005504,2021-06-09 04:20:00
0.0011731670852520464,2021-06-09 06:45:00
-0.00045485365578027304,2021-06-09 06:45:00
-0.0003023512756679869,2021-06-09 06:45:00
-5.792457655023574e-05,2021-06-09 06:25:00
-0.00033338324664435384,2021-06-09 06:40:00
-0.0010986689203465033,2021-06-09 06:40:00
-0.0005727981400244754,2021-06-09 06:40:00
-0.0005397655393437657,2021-06-09 07:35:00
-0.00040117378399444624,2021-06-10 03:45:00
0.003490213262810032,2021-06-10 03:45:00
-0.0003825549344682404,2021-06-10 04:00:00
-0.00036157140614823243,2021-06-10 04:00:00
-0.0004748597482822289,2021-06-10 04:00:00
-0.0003344963730235558,2021-06-10 04:50:00
0.002216618481335975,2021-06-10 04:50:00
0.003330814466457312,2021-06-10 04:50:00
-0.0006512061348110202,2021-06-10 05:10:00
-0.0003913477089326051,2021-06-10 05:10:00
-0.0003965190392187924,2021-06-10 06:20:00
0.0021224581287344405,2021-06-10 07:10:00
0.0015466733913337078,2021-06-10 07:10:00
-0.0008397715821296608,2021-06-10 08:45:00
-0.0007559191543766576,2021-06-10 09:35:00
0.0017692896490282674,2021-06-10 09:35:00
0.0011595537601773694,2021-06-10 09:35:00
-0.000693615105147097,2021-06-10 09:35:00
-0.0006347217989191378,2021-06-11 03:45:00
-0.0005997693194924216,2021-06-11 04:40:00
-0.000982223569733024,2021-06-11 04:40:00
0.00033920497612308125,2021-06-11 04:40:00
0.0015228808666478799,2021-06-11 04:40:00
-0.0001406765567393935,2021-06-11 04:40:00
-2.7813781171890504e-06,2021-06-11 04:40:00
-0.0003428331901389312,2021-06-11 07:25:00
0.00011240679603150262,2021-06-11 07:25:00
-0.0001552928518147307,2021-06-11 08:35:00
0.0038558587631760274,2021-06-14 03:45:00
0.0021713773491942754,2021-06-14 03:45:00
-0.0009455875143339207,2021-06-14 07:00:00
-0.0010197889274081292,2021-06-14 07:00:00
-0.000547923814888232,2021-06-14 06:40:00
0.00010869837872211763,2021-06-14 06:40:00
-0.0005286912387513982,2021-06-14 07:00:00
7.783528940836591e-05,2021-06-14 07:25:00
-7.498250408250203e-05,2021-06-14 07:20:00
0.00016575730368119347,2021-06-14 07:40:00
-0.0006610717090289998,2021-06-14 07:40:00
-0.0001765361402580036,2021-06-14 08:10:00
-0.0001723094567565295,2021-06-14 08:10:00
-0.00016126564586887158,2021-06-14 08:10:00
-0.0005596341150751898,2021-06-14 08:45:00
-0.0008348487353282336,2021-06-15 03:45:00
-0.000736899413229974,2021-06-15 04:15:00
0.0006928616008953412,2021-06-15 04:15:00
-0.0013250798743912288,2021-06-15 04:15:00
-7.93168901215314e-05,2021-06-15 04:15:00
-0.0005858038826916688,2021-06-15 04:15:00
0.0011752581541211332,2021-06-15 04:45:00
0.00021578685721449704,2021-06-15 04:45:00
-0.00015016162851651233,2021-06-15 04:55:00
-0.0005487754934883704,2021-06-15 04:55:00
-7.36362966943948e-05,2021-06-15 06:15:00
-0.000518000518000518,2021-06-15 08:50:00
-0.001025357996033879,2021-06-15 08:50:00
-0.0005419189878411659,2021-06-16 04:50:00
-0.00045801712362536327,2021-06-16 06:10:00
-0.0004158981103640777,2021-06-16 08:15:00
-0.0003089797058352468,2021-06-16 08:15:00
0.0016066174833980827,2021-06-16 08:55:00
-0.0002850646394201335,2021-06-16 08:55:00
-1.6202028494124627e-05,2021-06-16 08:55:00
0.0012104038052826304,2021-06-16 08:55:00
-0.0006865653960270748,2021-06-16 08:55:00
0.0036061332532863065,2021-06-17 04:40:00
-0.00039770973121563014,2021-06-17 05:05:00
-0.0006472701381921744,2021-06-17 05:05:00
-0.0008917290113661381,2021-06-17 08:35:00
-0.00026795392269723467,2021-06-17 07:30:00
-0.0003135475414778036,2021-06-17 07:30:00
-0.0004211625431757318,2021-06-17 08:35:00
0.0014409086200238034,2021-06-17 08:35:00
0.0015541134220232002,2021-06-18 03:45:00
0.0058564000923124054,2021-06-18 03:45:00
-0.0003354979971993611,2021-06-18 03:45:00
0.005027674710673241,2021-06-18 04:15:00
-0.0003108571303369396,2021-06-18 04:20:00
-0.0013155535112683286,2021-06-18 07:05:00
0.007084565426719513,2021-06-18 07:05:00
0.0027066353826563187,2021-06-18 07:00:00
0.0035749571362910957,2021-06-18 08:25:00
0.0031719721020643295,2021-06-18 08:25:00
0.0005822797007385579,2021-06-18 08:25:00
0.0009840846915897415,2021-06-18 08:25:00
0.0029846748426350512,2021-06-18 08:25:00
0.0018881451846824904,2021-06-18 08:55:00
-0.0013001026542266577,2021-06-18 09:40:00
0.002100863504526576,2021-06-18 09:40:00
0.0021726445429376636,2021-06-21 09:05:00
-0.00048757377488460395,2021-06-21 09:05:00
-0.0002719961340650594,2021-06-21 09:05:00
4.5508265266138664e-05,2021-06-21 04:45:00
0.0007218330434543492,2021-06-21 04:55:00
-0.0031683549878880903,2021-06-21 05:10:00
-0.0013647599964194787,2021-06-21 06:20:00
-0.0008980439095484689,2021-06-21 06:20:00
0.0015200939993262285,2021-06-21 07:00:00
-0.00010182570741358205,2021-06-21 07:15:00
-0.0016238349775983597,2021-06-21 07:35:00
-0.0011160975394935563,2021-06-21 08:35:00
0.00016619486554019265,2021-06-21 08:35:00
-0.00026200022770708406,2021-06-21 08:35:00
-0.000895144696781569,2021-06-21 08:35:00
-0.00047827940013634026,2021-06-21 08:35:00
-0.000871918220084225,2021-06-21 08:50:00
0.0014213136979959785,2021-06-21 08:50:00
-0.00015563904847212603,2021-06-21 09:05:00
-0.00023874064989317455,2021-06-21 09:05:00
0.0005562705874650123,2021-06-21 09:35:00
0.0016243220058131216,2021-06-22 03:45:00
-0.00038234755939379556,2021-06-22 03:45:00
-0.0006290685075002448,2021-06-22 03:45:00
0.0007800312012481706,2021-06-22 04:35:00
0.001526615945857615,2021-06-22 04:35:00
0.0037076543018079674,2021-06-22 04:35:00
-0.0028179845796738596,2021-06-22 04:35:00
-0.0009403809662416058,2021-06-22 04:35:00
-0.0005613785553392676,2021-06-22 04:35:00
0.0023131463819372217,2021-06-22 04:35:00
-0.0020291355093074955,2021-06-22 04:35:00
-0.004116083695578853,2021-06-22 05:40:00
-0.0005104071023920004,2021-06-22 05:40:00
-0.0017397365381208645,2021-06-22 05:40:00
-0.0007737112915342559,2021-06-22 05:40:00
-0.00046722527294677134,2021-06-22 06:50:00
-0.00036699827749858785,2021-06-22 06:50:00
0.00020516856143120278,2021-06-22 09:20:00
-0.00034804086673407024,2021-06-22 09:35:00
-0.0005387765584738843,2021-06-25 08:30:00
-0.0011068948115352483,2021-06-23 07:40:00
0.003952821875616274,2021-06-23 04:40:00
-1.1143830635899828e-05,2021-06-23 05:20:00
0.0018307567127741268,2021-06-23 06:25:00
0.0021905698402344396,2021-06-23 08:15:00
-0.00016275068125761887,2021-06-23 08:15:00
-0.001929013964718331,2021-06-23 08:35:00
-0.0007289406249824774,2021-06-23 09:05:00
-0.0006876341618881675,2021-06-23 09:05:00
0.0005900297525637532,2021-06-24 03:55:00
-0.007588948480325489,2021-06-24 03:55:00
-0.0005372793516830378,2021-06-24 06:40:00
-0.0006245991456826735,2021-06-24 06:40:00
0.001628780424488179,2021-06-24 06:40:00
-0.0007273316143551783,2021-06-24 06:00:00
-0.00039104520399069035,2021-06-24 06:40:00
-0.00022057324072043843,2021-06-24 07:40:00
0.0007402417013910039,2021-06-24 07:40:00
-0.0004098076949702449,2021-06-24 07:10:00
-0.0004164124613848864,2021-06-24 08:35:00
0.005131963795523413,2021-06-24 08:35:00
0.0018318898373732868,2021-06-24 08:45:00
0.0018451564642810198,2021-06-25 07:10:00
-0.0007984054069787184,2021-06-25 06:55:00
0.0017738868894392793,2021-06-25 05:45:00
-0.000820125232705435,2021-06-25 06:20:00
0.000567682187023696,2021-06-25 06:20:00
-0.0005773423055573718,2021-06-25 06:35:00
0.0024312429261913434,2021-06-25 06:45:00
0.0016190007144687962,2021-06-25 07:25:00
0.00128772827115826,2021-06-25 08:30:00
-9.093541766657694e-05,2021-06-28 03:45:00
-0.0005370298890698857,2021-06-28 03:45:00
-0.0004519625388819084,2021-06-29 04:35:00
-0.0018742877497832406,2021-06-29 04:30:00
0.0006633872804874093,2021-06-28 06:35:00
0.002487589876010305,2021-06-28 06:35:00
-0.00030059952906081884,2021-06-28 09:35:00
-0.0005092981704227351,2021-06-28 09:35:00
-5.5583038281251725e-06,2021-06-28 09:35:00
-0.00016390846684469134,2021-06-28 09:05:00
-0.00016775336650514034,2021-06-29 05:50:00
-0.0006147523960114301,2021-06-29 05:50:00
0.00021587034494982148,2021-06-29 08:00:00
-0.0008421058453762129,2021-06-29 08:00:00
-0.0006170172530172648,2021-06-29 08:30:00
-0.00032032290748700985,2021-06-29 08:30:00
0.00284990369717632,2021-06-29 08:30:00
-9.932925163682315e-05,2021-06-29 08:30:00
0.0009025196028920979,2021-06-30 05:00:00
-7.589169289529569e-05,2021-06-30 05:00:00
-0.00023435798319791117,2021-06-30 04:40:00
0.0009096697898668803,2021-06-30 05:05:00
0.0019793051269672546,2021-06-30 05:30:00
0.001718393730768742,2021-06-30 05:30:00
-0.0004083751514102786,2021-06-30 05:30:00
-0.0006745343915783125,2021-06-30 05:50:00
0.00025142705576130646,2021-07-01 04:25:00
0.002252874070965292,2021-07-01 06:05:00
-0.0011295034079843802,2021-07-01 07:15:00
-0.0008762535293544932,2021-07-01 07:50:00
0.0031702565227711872,2021-07-01 09:25:00
-0.0004101659990461902,2021-07-01 09:25:00
0.0026850413179498375,2021-07-02 03:45:00
0.0008292806927616788,2021-07-02 05:15:00
0.005766033859222061,2021-07-02 05:15:00
-0.0004052034881267346,2021-07-02 06:15:00
-0.0006862837663592948,2021-07-02 06:15:00
-0.0004670570062772974,2021-07-02 06:25:00
0.0013057726383059823,2021-07-02 06:25:00
0.0048529510885443805,2021-07-02 07:25:00
-0.0008798815947416029,2021-07-02 08:25:00
0.002006403042754467,2021-07-02 08:50:00
-0.0005555200074458826,2021-07-02 09:30:00
-0.0001750976169214337,2021-07-02 09:30:00
0.0007038794981612249,2021-07-02 09:30:00
-0.0021305527714770966,2021-07-02 09:40:00
0.00021563326502497515,2021-07-05 04:45:00
0.0006137318108887713,2021-07-05 04:45:00
-0.00115712536789441,2021-07-05 04:45:00
-0.0015994250833672936,2021-07-05 04:45:00
0.0002449893837931992,2021-07-05 04:45:00
0.0024504012532052125,2021-07-05 04:45:00
-0.0008367569793795603,2021-07-05 04:45:00
-0.00061675309896724,2021-07-05 04:45:00
0.004561801130909636,2021-07-05 04:45:00
-0.0009215484354155452,2021-07-05 04:45:00
-0.0018303504858028325,2021-07-05 04:45:00
-0.0008581260744818833,2021-07-05 05:15:00
0.003515389301673199,2021-07-05 05:20:00
-0.0028428391069694756,2021-07-05 06:45:00
-0.0011211105554965576,2021-07-05 08:10:00
-0.0008491358879139781,2021-07-05 08:55:00
-0.001252254130324941,2021-07-06 04:15:00
0.0004937422898283078,2021-07-06 04:25:00
-0.0008590114670751095,2021-07-06 04:25:00
-0.00023866278985150774,2021-07-06 05:35:00
-0.0005295833992289845,2021-07-06 05:35:00
-0.0005559593338913495,2021-07-06 05:45:00
-0.0005066662806352147,2021-07-06 06:05:00
-0.0004238740934809164,2021-07-06 06:05:00
-0.0006872653768409734,2021-07-06 06:05:00
-0.0009611027571816575,2021-07-06 06:30:00
-0.00027997379214390905,2021-07-06 06:30:00
0.00010663346619299405,2021-07-06 06:30:00
-8.207709775399107e-05,2021-07-06 07:00:00
0.00037974246556438834,2021-07-06 08:45:00
-0.0006592450136516023,2021-07-07 04:15:00
0.004462464190765352,2021-07-07 04:15:00
-0.0004400534966996825,2021-07-07 06:20:00
0.001990732894203768,2021-07-07 06:20:00
0.004141188182420388,2021-07-07 06:20:00
0.0023624182997011058,2021-07-07 06:20:00
-0.0004715903432357115,2021-07-07 07:25:00
0.0018533103401826901,2021-07-07 08:30:00
-0.0009277659571353714,2021-07-07 08:20:00
-0.0008015961710616228,2021-07-07 08:40:00
-0.0009509890577915043,2021-07-07 08:40:00
0.00030134381873989075,2021-07-07 08:40:00
-0.0004194105534183048,2021-07-08 04:15:00
-3.779520233503512e-05,2021-07-08 04:15:00
-0.00039262561838534897,2021-07-08 04:15:00
-0.0005018929778500677,2021-07-08 04:15:00
0.0017791865622836015,2021-07-08 06:10:00
-0.000876456930044369,2021-07-09 03:45:00
-0.0013756146783981298,2021-07-08 09:40:00
-0.0007729574097594193,2021-07-09 03:45:00
-0.0003631493807085499,2021-07-09 04:45:00
0.0006110242545072544,2021-07-09 04:45:00
-0.0005353541877471767,2021-07-09 05:05:00
0.00012479326632722714,2021-07-09 05:05:00
0.00015769659748086855,2021-07-12 03:45:00
-0.0003481749471648517,2021-07-12 03:45:00
-0.0005758124398406581,2021-07-09 06:20:00
-0.0007461372004529994,2021-07-09 07:15:00
-0.0004536341533569226,2021-07-09 07:15:00
-0.003270389887102153,2021-07-09 09:15:00
5.5901075164137466e-05,2021-07-12 03:45:00
-0.0007123057250500317,2021-07-12 03:45:00
-0.0002085279356018783,2021-07-12 05:00:00
0.00010419982385951737,2021-07-12 05:00:00
-0.0005466064020026476,2021-07-12 05:00:00
0.0037385178682312874,2021-07-12 05:00:00
-0.0011376336361776083,2021-07-12 05:00:00
0.0007382877151494224,2021-07-12 05:00:00
0.00044097688510495297,2021-07-12 05:00:00
0.0011286052070332902,2021-07-12 07:10:00
0.0019484811289170983,2021-07-13 03:45:00
-0.0006667001211530328,2021-07-13 03:45:00
-0.00012893096176788061,2021-07-13 04:10:00
-0.0006886588905004563,2021-07-13 04:10:00
-0.0004216002229479145,2021-07-13 04:10:00
-0.0011807690275859781,2021-07-13 04:10:00
-0.0005533092147265375,2021-07-13 04:10:00
0.001569800832405433,2021-07-13 04:25:00
0.00366170971688522,2021-07-13 06:20:00
0.002456988335771164,2021-07-13 06:20:00
0.0011642787170719935,2021-07-13 05:20:00
-0.0004546942109029406,2021-07-13 05:45:00
-0.0008667580211291321,2021-07-13 05:45:00
-0.001141244519212747,2021-07-13 06:10:00
-0.0004932957928503423,2021-07-13 06:20:00
-0.0007747989779003619,2021-07-13 07:30:00
-0.0012241772850948003,2021-07-13 07:30:00
0.003258079663072882,2021-07-13 07:30:00
0.0003999520635069377,2021-07-13 07:30:00
0.0020003694766125286,2021-07-13 07:30:00
0.0028227796586692954,2021-07-13 07:50:00
0.0006071663012560478,2021-07-13 07:50:00
-0.0018820931657851508,2021-07-13 08:15:00
-0.0001710769730396821,2021-07-13 09:40:00
-0.00011149902474571188,2021-07-13 09:40:00
-0.0007914196795835004,2021-07-14 03:45:00
0.0019294333247105297,2021-07-14 05:35:00
0.0035351814091044466,2021-07-14 05:35:00
-0.000390514263895076,2021-07-14 05:35:00
0.0024170276779320204,2021-07-14 05:35:00
-0.0013891926892830627,2021-07-14 05:35:00
-0.0008620339356929758,2021-07-14 05:35:00
0.00860137395745853,2021-07-14 05:35:00
-0.0010139472776763707,2021-07-14 06:25:00
-0.0008522493505272191,2021-07-14 06:25:00
-0.0006714971454043127,2021-07-14 07:30:00
-9.674071728831765e-05,2021-07-14 09:50:00
-0.0005127994748933376,2021-07-14 09:50:00
0.0034673657968504025,2021-07-14 09:50:00
-0.0014982928542022639,2021-07-14 09:30:00
-0.0011523559781870755,2021-07-14 09:30:00
-0.0016712990991291981,2021-07-15 04:10:00
-0.000712068044739773,2021-07-15 04:10:00
-0.0010309324897243186,2021-07-15 04:10:00
-0.0008965291086152727,2021-07-15 04:15:00
-0.003904934227195631,2021-07-15 05:10:00
-0.0005511491682996502,2021-07-15 05:05:00
-0.0009724588935381851,2021-07-15 05:20:00
-7.562064532591492e-05,2021-07-15 05:20:00
-0.0002444592930829873,2021-07-15 06:10:00
-0.0006986051578373595,2021-07-15 06:10:00
-0.0003286970272168785,2021-07-15 06:10:00
-0.0004226018086176166,2021-07-15 06:10:00
0.00029242961750758107,2021-07-15 06:10:00
1.4768845416831574e-06,2021-07-15 06:10:00
0.0017059359425511571,2021-07-15 07:15:00
0.004279093992105075,2021-07-15 07:45:00
-0.0009039635095123634,2021-07-15 09:25:00
-0.0007054485526449256,2021-07-19 03:45:00
-0.000907482660863558,2021-07-16 04:50:00
-0.0007043900071327749,2021-07-16 04:30:00
-7.520271555518431e-05,2021-07-16 06:25:00
0.002391242349121383,2021-07-16 07:35:00
-0.0006288377056364406,2021-07-16 07:35:00
-7.613581457996587e-05,2021-07-16 08:05:00
-0.0001126608892601558,2021-07-16 08:05:00
0.003043752850777549,2021-07-16 09:45:00
0.00016695860012549328,2021-07-16 09:45:00
-0.0012401843145235846,2021-07-16 09:45:00
-0.0010879115047379123,2021-07-16 09:45:00
-0.00014435966178597811,2021-07-16 09:45:00
0.0017491629636823972,2021-07-16 09:45:00
-0.0007905883184318539,2021-07-19 03:45:00
-0.0006207434211493622,2021-07-19 06:55:00
0.0001263305099932027,2021-07-19 08:55:00
0.0012535094599646671,2021-07-19 08:55:00
0.0034489736663819285,2021-07-19 09:25:00
-0.0010355570766016776,2021-07-19 09:45:00
-0.0003872037265782661,2021-07-20 05:10:00
-0.0015460584327787474,2021-07-20 07:00:00
-0.0005027977312356717,2021-07-20 07:25:00
-0.0006669350076241274,2021-07-20 07:25:00
-0.00016130545974988854,2021-07-20 07:25:00
-0.0004249333294259004,2021-07-20 07:45:00
0.00048747710833832317,2021-07-20 07:45:00
0.001817426220105039,2021-07-20 08:10:00
-0.000744972169654733,2021-07-20 08:10:00
0.0004577181070651336,2021-07-20 08:45:00
-0.0013327462032824363,2021-07-22 05:05:00
-0.00030680065082459325,2021-07-22 05:05:00
-0.0013403578551947893,2021-07-22 05:05:00
-0.00015248794982129866,2021-07-22 05:05:00
-0.0002568884567098988,2021-07-22 05:05:00
-0.0002481385977410865,2021-07-22 05:05:00
-0.0004715030792778024,2021-07-22 05:05:00
0.0009831529919465192,2021-07-22 05:05:00
-0.0002683948392752259,2021-07-22 05:05:00
-0.0001899709822950789,2021-07-22 05:05:00
8.701326952360235e-05,2021-07-22 05:05:00
0.001949402371410828,2021-07-22 05:05:00
-0.0005920955247449123,2021-07-22 06:35:00
0.00015668023594887163,2021-07-22 06:35:00
5.22135650842933e-05,2021-07-22 06:35:00
-0.00041333520905334633,2021-07-22 06:35:00
-0.00014783551414868613,2021-07-22 06:30:00
-6.666763286432876e-05,2021-07-22 08:45:00
-0.0007321367352511371,2021-07-22 08:45:00
0.00010734469833251225,2021-07-23 03:45:00
-0.00017976954703864722,2021-07-23 03:45:00
-0.00012170455928452467,2021-07-23 03:45:00
0.001747689311271798,2021-07-23 03:45:00
-9.429870056390624e-05,2021-07-23 07:35:00
-0.000393132511768673,2021-07-23 07:35:00
-0.00041614406994696106,2021-07-23 07:35:00
-0.001318074054418781,2021-07-23 04:40:00
-0.0005648642884726919,2021-07-23 04:40:00
-0.00045249390430198826,2021-07-23 05:15:00
-0.00021598956338450683,2021-07-23 06:20:00
0.00014674738732098388,2021-07-23 06:45:00
-0.0003033976219954048,2021-07-23 06:45:00
